trade_id,symbol,timestamp,direction,signal_probability,confidence,regime,session,entry,exit,size,gross_pnl,spread_cost,commission,slippage,swap,net_pnl,holding_time,MAE,MFE,model_version,feature_version,label_version
TRD_VAL_19000,frxEURUSD,2026-07-02 14:30:00,BUY,0.9077,0.9077,HIGH_VOLATILITY,LONDON,1.14353,1.14448,0.1,9.50,1.20,0.60,0.20,0.00,7.50,60m,N/A,N/A,HistGradientBoosting_V1,FEAT_V1_43COLS,LABEL_V1_4BAR_15P
TRD_VAL_19748,frxEURUSD,2026-07-14 15:30:00,BUY,0.8928,0.8928,HIGH_VOLATILITY,LONDON,1.14332,1.14324,0.1,-0.80,1.20,0.60,0.20,0.00,-2.80,60m,N/A,N/A,HistGradientBoosting_V1,FEAT_V1_43COLS,LABEL_V1_4BAR_15P
TRD_VAL_19749,frxEURUSD,2026-07-14 15:45:00,BUY,0.8899,0.8899,HIGH_VOLATILITY,LONDON,1.14273,1.14320,0.1,4.70,1.20,0.60,0.20,0.00,2.70,60m,N/A,N/A,HistGradientBoosting_V1,FEAT_V1_43COLS,LABEL_V1_4BAR_15P
TRD_VAL_19747,frxEURUSD,2026-07-14 15:15:00,BUY,0.8813,0.8813,HIGH_VOLATILITY,LONDON,1.14419,1.14305,0.1,-11.40,1.20,0.60,0.20,0.00,-13.40,60m,N/A,N/A,HistGradientBoosting_V1,FEAT_V1_43COLS,LABEL_V1_4BAR_15P
TRD_VAL_18425,frxEURUSD,2026-06-24 11:45:00,BUY,0.8693,0.8693,TREND_DOWN,LONDON,1.13403,1.13290,0.1,-11.30,1.20,0.60,0.20,0.00,-13.30,60m,N/A,N/A,HistGradientBoosting_V1,FEAT_V1_43COLS,LABEL_V1_4BAR_15P
TRD_VAL_19003,frxEURUSD,2026-07-02 15:15:00,BUY,0.8596,0.8596,HIGH_VOLATILITY,LONDON,1.14406,1.14369,0.1,-3.70,1.20,0.60,0.20,0.00,-5.70,60m,N/A,N/A,HistGradientBoosting_V1,FEAT_V1_43COLS,LABEL_V1_4BAR_15P
TRD_VAL_19937,frxEURUSD,2026-07-16 14:45:00,BUY,0.8441,0.8441,HIGH_VOLATILITY,LONDON,1.14431,1.14470,0.1,3.90,1.20,0.60,0.20,0.00,1.90,60m,N/A,N/A,HistGradientBoosting_V1,FEAT_V1_43COLS,LABEL_V1_4BAR_15P
TRD_VAL_18999,frxEURUSD,2026-07-02 14:15:00,BUY,0.8439,0.8439,HIGH_VOLATILITY,LONDON,1.14426,1.14406,0.1,-2.00,1.20,0.60,0.20,0.00,-4.00,60m,N/A,N/A,HistGradientBoosting_V1,FEAT_V1_43COLS,LABEL_V1_4BAR_15P
TRD_VAL_19751,frxEURUSD,2026-07-14 16:15:00,BUY,0.8437,0.8437,UNCERTAIN,NEW_YORK,1.14305,1.14258,0.1,-4.70,1.20,0.60,0.20,0.00,-6.70,60m,N/A,N/A,HistGradientBoosting_V1,FEAT_V1_43COLS,LABEL_V1_4BAR_15P
TRD_VAL_18979,frxEURUSD,2026-07-02 09:15:00,BUY,0.8436,0.8436,HIGH_VOLATILITY,LONDON,1.14097,1.14072,0.1,-2.50,1.20,0.60,0.20,0.00,-4.50,60m,N/A,N/A,HistGradientBoosting_V1,FEAT_V1_43COLS,LABEL_V1_4BAR_15P
TRD_VAL_19752,frxEURUSD,2026-07-14 16:30:00,BUY,0.8082,0.8082,TREND_UP,NEW_YORK,1.14324,1.14260,0.1,-6.40,1.20,0.60,0.20,0.00,-8.40,60m,N/A,N/A,HistGradientBoosting_V1,FEAT_V1_43COLS,LABEL_V1_4BAR_15P
TRD_VAL_19001,frxEURUSD,2026-07-02 14:45:00,BUY,0.8026,0.8026,HIGH_VOLATILITY,LONDON,1.14439,1.14475,0.1,3.60,1.20,0.60,0.20,0.00,1.60,60m,N/A,N/A,HistGradientBoosting_V1,FEAT_V1_43COLS,LABEL_V1_4BAR_15P
TRD_VAL_18434,frxEURUSD,2026-06-24 14:00:00,BUY,0.7904,0.7904,UNCERTAIN,LONDON,1.13472,1.13511,0.1,3.90,1.20,0.60,0.20,0.00,1.90,60m,N/A,N/A,HistGradientBoosting_V1,FEAT_V1_43COLS,LABEL_V1_4BAR_15P
TRD_VAL_19004,frxEURUSD,2026-07-02 15:30:00,BUY,0.7698,0.7698,HIGH_VOLATILITY,LONDON,1.14448,1.14397,0.1,-5.10,1.20,0.60,0.20,0.00,-7.10,60m,N/A,N/A,HistGradientBoosting_V1,FEAT_V1_43COLS,LABEL_V1_4BAR_15P
TRD_VAL_18410,frxEURUSD,2026-06-24 08:00:00,BUY,0.7683,0.7683,HIGH_VOLATILITY,LONDON,1.13398,1.13514,0.1,11.60,1.20,0.60,0.20,0.00,9.60,60m,N/A,N/A,HistGradientBoosting_V1,FEAT_V1_43COLS,LABEL_V1_4BAR_15P
TRD_VAL_18796,frxEURUSD,2026-06-30 11:30:00,BUY,0.7672,0.7672,RANGE,LONDON,1.13971,1.13983,0.1,1.20,1.20,0.60,0.20,0.00,-0.80,60m,N/A,N/A,HistGradientBoosting_V1,FEAT_V1_43COLS,LABEL_V1_4BAR_15P
TRD_VAL_18895,frxEURUSD,2026-07-01 12:15:00,BUY,0.7670,0.7670,TREND_DOWN,LONDON,1.13814,1.13865,0.1,5.10,1.20,0.60,0.20,0.00,3.10,60m,N/A,N/A,HistGradientBoosting_V1,FEAT_V1_43COLS,LABEL_V1_4BAR_15P
TRD_VAL_18625,frxEURUSD,2026-06-26 13:45:00,BUY,0.7660,0.7660,TREND_UP,LONDON,1.14251,1.13942,0.1,-30.90,1.20,0.60,0.20,0.00,-32.90,60m,N/A,N/A,HistGradientBoosting_V1,FEAT_V1_43COLS,LABEL_V1_4BAR_15P
TRD_VAL_19558,frxEURUSD,2026-07-10 13:00:00,BUY,0.7612,0.7612,TREND_DOWN,LONDON,1.14222,1.14237,0.1,1.50,1.20,0.60,0.20,0.00,-0.50,60m,N/A,N/A,HistGradientBoosting_V1,FEAT_V1_43COLS,LABEL_V1_4BAR_15P
TRD_VAL_18981,frxEURUSD,2026-07-02 09:45:00,BUY,0.7516,0.7516,HIGH_VOLATILITY,LONDON,1.14098,1.14106,0.1,0.80,1.20,0.60,0.20,0.00,-1.20,60m,N/A,N/A,HistGradientBoosting_V1,FEAT_V1_43COLS,LABEL_V1_4BAR_15P
TRD_VAL_18801,frxEURUSD,2026-06-30 12:45:00,BUY,0.7515,0.7515,RANGE,LONDON,1.13963,1.13964,0.1,0.10,1.20,0.60,0.20,0.00,-1.90,60m,N/A,N/A,HistGradientBoosting_V1,FEAT_V1_43COLS,LABEL_V1_4BAR_15P
TRD_VAL_19742,frxEURUSD,2026-07-14 14:00:00,BUY,0.7496,0.7496,HIGH_VOLATILITY,LONDON,1.14551,1.14487,0.1,-6.40,1.20,0.60,0.20,0.00,-8.40,60m,N/A,N/A,HistGradientBoosting_V1,FEAT_V1_43COLS,LABEL_V1_4BAR_15P
TRD_VAL_18528,frxEURUSD,2026-06-25 13:30:00,BUY,0.7491,0.7491,HIGH_VOLATILITY,LONDON,1.13616,1.13782,0.1,16.60,1.20,0.60,0.20,0.00,14.60,60m,N/A,N/A,HistGradientBoosting_V1,FEAT_V1_43COLS,LABEL_V1_4BAR_15P
TRD_VAL_18901,frxEURUSD,2026-07-01 13:45:00,BUY,0.7470,0.7470,HIGH_VOLATILITY,LONDON,1.13958,1.13953,0.1,-0.50,1.20,0.60,0.20,0.00,-2.50,60m,N/A,N/A,HistGradientBoosting_V1,FEAT_V1_43COLS,LABEL_V1_4BAR_15P
TRD_VAL_18040,frxEURUSD,2026-06-18 08:30:00,BUY,0.7465,0.7465,RANGE,LONDON,1.14928,1.14814,0.1,-11.40,1.20,0.60,0.20,0.00,-13.40,60m,N/A,N/A,HistGradientBoosting_V1,FEAT_V1_43COLS,LABEL_V1_4BAR_15P
TRD_VAL_19841,frxEURUSD,2026-07-15 14:45:00,BUY,0.7461,0.7461,HIGH_VOLATILITY,LONDON,1.14369,1.14353,0.1,-1.60,1.20,0.60,0.20,0.00,-3.60,60m,N/A,N/A,HistGradientBoosting_V1,FEAT_V1_43COLS,LABEL_V1_4BAR_15P
TRD_VAL_19097,frxEURUSD,2026-07-03 14:45:00,BUY,0.7454,0.7454,RANGE,LONDON,1.14417,1.14371,0.1,-4.60,1.20,0.60,0.20,0.00,-6.60,60m,N/A,N/A,HistGradientBoosting_V1,FEAT_V1_43COLS,LABEL_V1_4BAR_15P
TRD_VAL_18997,frxEURUSD,2026-07-02 13:45:00,BUY,0.7411,0.7411,HIGH_VOLATILITY,LONDON,1.14508,1.14439,0.1,-6.90,1.20,0.60,0.20,0.00,-8.90,60m,N/A,N/A,HistGradientBoosting_V1,FEAT_V1_43COLS,LABEL_V1_4BAR_15P
TRD_VAL_18905,frxEURUSD,2026-07-01 14:45:00,BUY,0.7340,0.7340,HIGH_VOLATILITY,LONDON,1.13953,1.13838,0.1,-11.50,1.20,0.60,0.20,0.00,-13.50,60m,N/A,N/A,HistGradientBoosting_V1,FEAT_V1_43COLS,LABEL_V1_4BAR_15P
TRD_VAL_19741,frxEURUSD,2026-07-14 13:45:00,BUY,0.7311,0.7311,HIGH_VOLATILITY,LONDON,1.14516,1.14452,0.1,-6.40,1.20,0.60,0.20,0.00,-8.40,60m,N/A,N/A,HistGradientBoosting_V1,FEAT_V1_43COLS,LABEL_V1_4BAR_15P
TRD_VAL_19842,frxEURUSD,2026-07-15 15:00:00,BUY,0.7290,0.7290,HIGH_VOLATILITY,LONDON,1.14357,1.14345,0.1,-1.20,1.20,0.60,0.20,0.00,-3.20,60m,N/A,N/A,HistGradientBoosting_V1,FEAT_V1_43COLS,LABEL_V1_4BAR_15P
TRD_VAL_19005,frxEURUSD,2026-07-02 15:45:00,BUY,0.7285,0.7285,HIGH_VOLATILITY,LONDON,1.14475,1.14377,0.1,-9.80,1.20,0.60,0.20,0.00,-11.80,60m,N/A,N/A,HistGradientBoosting_V1,FEAT_V1_43COLS,LABEL_V1_4BAR_15P
TRD_VAL_18794,frxEURUSD,2026-06-30 11:00:00,BUY,0.7264,0.7264,RANGE,LONDON,1.13992,1.13959,0.1,-3.30,1.20,0.60,0.20,0.00,-5.30,60m,N/A,N/A,HistGradientBoosting_V1,FEAT_V1_43COLS,LABEL_V1_4BAR_15P
TRD_VAL_19002,frxEURUSD,2026-07-02 15:00:00,BUY,0.7243,0.7243,HIGH_VOLATILITY,LONDON,1.14451,1.14431,0.1,-2.00,1.20,0.60,0.20,0.00,-4.00,60m,N/A,N/A,HistGradientBoosting_V1,FEAT_V1_43COLS,LABEL_V1_4BAR_15P
TRD_VAL_19096,frxEURUSD,2026-07-03 14:30:00,BUY,0.7182,0.7182,RANGE,LONDON,1.14444,1.14387,0.1,-5.70,1.20,0.60,0.20,0.00,-7.70,60m,N/A,N/A,HistGradientBoosting_V1,FEAT_V1_43COLS,LABEL_V1_4BAR_15P
TRD_VAL_19746,frxEURUSD,2026-07-14 15:00:00,BUY,0.7179,0.7179,HIGH_VOLATILITY,LONDON,1.14487,1.14281,0.1,-20.60,1.20,0.60,0.20,0.00,-22.60,60m,N/A,N/A,HistGradientBoosting_V1,FEAT_V1_43COLS,LABEL_V1_4BAR_15P
